file,noise,fitness,precision,End-to-End,Total Forced Volume,AS-Resolved Volume,AS-Opaque Volume,Data Exposure,Data Exposure ST-only,Data Exposure ST+ST-in-PAR,Data Coverage ST-only,Data Coverage ST+ST-in-PAR,Data Coverage Total,SEQ share,XOR share,PAR share,LOOP share,AS-Resolved PAR-only
sample_log.csv,0.0,1.0,1.0,60.0,100.0,40.0,0.0,100.0,100.0,100.0,84.62,100.0,100.0,0.7142857142857143,0.14285714285714285,0.14285714285714285,0.0,40.0
sample_log.csv,0.2,1.0,1.0,60.0,100.0,40.0,0.0,100.0,100.0,100.0,84.62,100.0,100.0,0.7142857142857143,0.14285714285714285,0.14285714285714285,0.0,40.0
sample_log.csv,0.4,1.0,1.0,60.0,100.0,40.0,0.0,100.0,100.0,100.0,84.62,100.0,100.0,0.7142857142857143,0.14285714285714285,0.14285714285714285,0.0,40.0
sample_log.csv,0.6,1.0,1.0,60.0,100.0,40.0,0.0,100.0,100.0,100.0,84.62,100.0,100.0,0.7142857142857143,0.14285714285714285,0.14285714285714285,0.0,40.0
sample_log.csv,0.8,1.0,1.0,60.0,100.0,40.0,0.0,100.0,100.0,100.0,84.62,100.0,100.0,0.7142857142857143,0.14285714285714285,0.14285714285714285,0.0,40.0
sample_log.csv,1.0,1.0,1.0,60.0,100.0,40.0,0.0,100.0,100.0,100.0,84.62,100.0,100.0,0.7142857142857143,0.14285714285714285,0.14285714285714285,0.0,40.0
test_01_seq_par.csv,0.0,1.0,1.0,0.0,100.0,100.0,0.0,100.0,100.0,100.0,50.0,100.0,100.0,0.6666666666666666,0.0,0.3333333333333333,0.0,100.0
test_01_seq_par.csv,0.2,1.0,1.0,0.0,100.0,100.0,0.0,100.0,100.0,100.0,50.0,100.0,100.0,0.6666666666666666,0.0,0.3333333333333333,0.0,100.0
test_01_seq_par.csv,0.4,1.0,1.0,0.0,100.0,100.0,0.0,100.0,100.0,100.0,50.0,100.0,100.0,0.6666666666666666,0.0,0.3333333333333333,0.0,100.0
test_01_seq_par.csv,0.6,1.0,1.0,0.0,100.0,100.0,0.0,100.0,100.0,100.0,50.0,100.0,100.0,0.6666666666666666,0.0,0.3333333333333333,0.0,100.0
test_01_seq_par.csv,0.8,1.0,1.0,0.0,100.0,100.0,0.0,100.0,100.0,100.0,50.0,100.0,100.0,0.6666666666666666,0.0,0.3333333333333333,0.0,100.0
test_01_seq_par.csv,1.0,1.0,1.0,0.0,100.0,100.0,0.0,100.0,100.0,100.0,50.0,100.0,100.0,0.6666666666666666,0.0,0.3333333333333333,0.0,100.0
test_02_seq_xor.csv,0.0,1.0,1.0,100.0,100.0,0.0,0.0,100.0,100.0,100.0,100.0,100.0,100.0,0.6666666666666666,0.3333333333333333,0.0,0.0,0.0
test_02_seq_xor.csv,0.2,1.0,1.0,100.0,100.0,0.0,0.0,100.0,100.0,100.0,100.0,100.0,100.0,0.6666666666666666,0.3333333333333333,0.0,0.0,0.0
test_02_seq_xor.csv,0.4,1.0,1.0,100.0,100.0,0.0,0.0,100.0,100.0,100.0,100.0,100.0,100.0,0.6666666666666666,0.3333333333333333,0.0,0.0,0.0
test_02_seq_xor.csv,0.6,1.0,1.0,100.0,100.0,0.0,0.0,100.0,100.0,100.0,100.0,100.0,100.0,0.6666666666666666,0.3333333333333333,0.0,0.0,0.0
test_02_seq_xor.csv,0.8,1.0,1.0,100.0,100.0,0.0,0.0,100.0,100.0,100.0,100.0,100.0,100.0,0.6666666666666666,0.3333333333333333,0.0,0.0,0.0
test_02_seq_xor.csv,1.0,1.0,1.0,100.0,100.0,0.0,0.0,100.0,100.0,100.0,100.0,100.0,100.0,0.6666666666666666,0.3333333333333333,0.0,0.0,0.0
test_03_loop_std.csv,0.0,1.0,0.9785714285714285,0.0,5.0,5.0,0.0,100.0,100.0,100.0,40.0,40.0,100.0,0.6666666666666666,0.0,0.0,0.3333333333333333,0.0
test_03_loop_std.csv,0.2,1.0,0.9785714285714285,0.0,5.0,5.0,0.0,100.0,100.0,100.0,40.0,40.0,100.0,0.6666666666666666,0.0,0.0,0.3333333333333333,0.0
test_03_loop_std.csv,0.4,1.0,0.9785714285714285,0.0,5.0,5.0,0.0,100.0,100.0,100.0,40.0,40.0,100.0,0.6666666666666666,0.0,0.0,0.3333333333333333,0.0
test_03_loop_std.csv,0.6,1.0,0.9785714285714285,0.0,5.0,5.0,0.0,100.0,100.0,100.0,40.0,40.0,100.0,0.6666666666666666,0.0,0.0,0.3333333333333333,0.0
test_03_loop_std.csv,0.8,1.0,0.9785714285714285,0.0,5.0,5.0,0.0,100.0,100.0,100.0,40.0,40.0,100.0,0.6666666666666666,0.0,0.0,0.3333333333333333,0.0
test_03_loop_std.csv,1.0,1.0,0.9785714285714285,0.0,5.0,5.0,0.0,100.0,100.0,100.0,40.0,40.0,100.0,0.6666666666666666,0.0,0.0,0.3333333333333333,0.0
test_04_par_xor.csv,0.0,1.0,1.0,0.0,100.0,100.0,0.0,100.0,100.0,100.0,33.33,100.0,100.0,0.3333333333333333,0.3333333333333333,0.3333333333333333,0.0,100.0
test_04_par_xor.csv,0.2,1.0,1.0,0.0,100.0,100.0,0.0,100.0,100.0,100.0,33.33,100.0,100.0,0.3333333333333333,0.3333333333333333,0.3333333333333333,0.0,100.0
test_04_par_xor.csv,0.4,1.0,1.0,0.0,100.0,100.0,0.0,100.0,100.0,100.0,33.33,100.0,100.0,0.3333333333333333,0.3333333333333333,0.3333333333333333,0.0,100.0
test_04_par_xor.csv,0.6,1.0,1.0,0.0,100.0,100.0,0.0,100.0,100.0,100.0,33.33,100.0,100.0,0.3333333333333333,0.3333333333333333,0.3333333333333333,0.0,100.0
test_04_par_xor.csv,0.8,1.0,1.0,0.0,100.0,100.0,0.0,100.0,100.0,100.0,33.33,100.0,100.0,0.3333333333333333,0.3333333333333333,0.3333333333333333,0.0,100.0
test_04_par_xor.csv,1.0,1.0,1.0,0.0,100.0,100.0,0.0,100.0,100.0,100.0,33.33,100.0,100.0,0.3333333333333333,0.3333333333333333,0.3333333333333333,0.0,100.0
test_05_xor_seq.csv,0.0,1.0,1.0,100.0,100.0,0.0,0.0,100.0,100.0,100.0,100.0,100.0,100.0,0.6666666666666666,0.3333333333333333,0.0,0.0,0.0
test_05_xor_seq.csv,0.2,1.0,1.0,100.0,100.0,0.0,0.0,100.0,100.0,100.0,100.0,100.0,100.0,0.6666666666666666,0.3333333333333333,0.0,0.0,0.0
test_05_xor_seq.csv,0.4,1.0,1.0,100.0,100.0,0.0,0.0,100.0,100.0,100.0,100.0,100.0,100.0,0.6666666666666666,0.3333333333333333,0.0,0.0,0.0
test_05_xor_seq.csv,0.6,1.0,1.0,100.0,100.0,0.0,0.0,100.0,100.0,100.0,100.0,100.0,100.0,0.6666666666666666,0.3333333333333333,0.0,0.0,0.0
test_05_xor_seq.csv,0.8,1.0,1.0,100.0,100.0,0.0,0.0,100.0,100.0,100.0,100.0,100.0,100.0,0.6666666666666666,0.3333333333333333,0.0,0.0,0.0
test_05_xor_seq.csv,1.0,1.0,1.0,100.0,100.0,0.0,0.0,100.0,100.0,100.0,100.0,100.0,100.0,0.6666666666666666,0.3333333333333333,0.0,0.0,0.0
test_06_xor_xor.csv,0.0,1.0,1.0,5.88,5.88,0.0,0.0,100.0,100.0,100.0,100.0,100.0,100.0,0.5,0.5,0.0,0.0,0.0
test_06_xor_xor.csv,0.2,1.0,1.0,5.88,5.88,0.0,0.0,100.0,100.0,100.0,100.0,100.0,100.0,0.5,0.5,0.0,0.0,0.0
test_06_xor_xor.csv,0.4,1.0,1.0,5.88,5.88,0.0,0.0,100.0,100.0,100.0,100.0,100.0,100.0,0.5,0.5,0.0,0.0,0.0
test_06_xor_xor.csv,0.6,1.0,1.0,5.88,5.88,0.0,0.0,100.0,100.0,100.0,100.0,100.0,100.0,0.5,0.5,0.0,0.0,0.0
test_06_xor_xor.csv,0.8,1.0,1.0,5.88,5.88,0.0,0.0,100.0,100.0,100.0,100.0,100.0,100.0,0.5,0.5,0.0,0.0,0.0
test_06_xor_xor.csv,1.0,1.0,1.0,5.88,5.88,0.0,0.0,100.0,100.0,100.0,100.0,100.0,100.0,0.5,0.5,0.0,0.0,0.0
test_07_par_par.csv,0.0,1.0,1.0,0.0,100.0,100.0,0.0,100.0,100.0,100.0,20.0,100.0,100.0,0.5,0.0,0.5,0.0,100.0
test_07_par_par.csv,0.2,1.0,1.0,0.0,100.0,100.0,0.0,100.0,100.0,100.0,20.0,100.0,100.0,0.5,0.0,0.5,0.0,100.0
test_07_par_par.csv,0.4,1.0,1.0,0.0,100.0,100.0,0.0,100.0,100.0,100.0,20.0,100.0,100.0,0.5,0.0,0.5,0.0,100.0
test_07_par_par.csv,0.6,1.0,1.0,0.0,100.0,100.0,0.0,100.0,100.0,100.0,20.0,100.0,100.0,0.5,0.0,0.5,0.0,100.0
test_07_par_par.csv,0.8,1.0,1.0,0.0,100.0,100.0,0.0,100.0,100.0,100.0,20.0,100.0,100.0,0.5,0.0,0.5,0.0,100.0
test_07_par_par.csv,1.0,1.0,1.0,0.0,100.0,100.0,0.0,100.0,100.0,100.0,20.0,100.0,100.0,0.5,0.0,0.5,0.0,100.0
test_08_xor_loop.csv,0.0,1.0,0.9727891156462585,61.54,65.38,3.85,0.0,100.0,100.0,100.0,68.0,68.0,100.0,0.5,0.25,0.0,0.25,0.0
test_08_xor_loop.csv,0.2,1.0,0.9727891156462585,61.54,65.38,3.85,0.0,100.0,100.0,100.0,68.0,68.0,100.0,0.5,0.25,0.0,0.25,0.0
test_08_xor_loop.csv,0.4,1.0,0.9727891156462585,61.54,65.38,3.85,0.0,100.0,100.0,100.0,68.0,68.0,100.0,0.5,0.25,0.0,0.25,0.0
test_08_xor_loop.csv,0.6,1.0,0.9727891156462585,61.54,65.38,3.85,0.0,100.0,100.0,100.0,68.0,68.0,100.0,0.5,0.25,0.0,0.25,0.0
test_08_xor_loop.csv,0.8,1.0,0.9727891156462585,61.54,65.38,3.85,0.0,100.0,100.0,100.0,68.0,68.0,100.0,0.5,0.25,0.0,0.25,0.0
test_08_xor_loop.csv,1.0,1.0,0.9727891156462585,61.54,65.38,3.85,0.0,100.0,100.0,100.0,68.0,68.0,100.0,0.5,0.25,0.0,0.25,0.0
test_09_deep_seq.csv,0.0,1.0,1.0,100.0,100.0,0.0,0.0,100.0,100.0,100.0,100.0,100.0,100.0,1.0,0.0,0.0,0.0,0.0
test_09_deep_seq.csv,0.2,1.0,1.0,100.0,100.0,0.0,0.0,100.0,100.0,100.0,100.0,100.0,100.0,1.0,0.0,0.0,0.0,0.0
test_09_deep_seq.csv,0.4,1.0,1.0,100.0,100.0,0.0,0.0,100.0,100.0,100.0,100.0,100.0,100.0,1.0,0.0,0.0,0.0,0.0
test_09_deep_seq.csv,0.6,1.0,1.0,100.0,100.0,0.0,0.0,100.0,100.0,100.0,100.0,100.0,100.0,1.0,0.0,0.0,0.0,0.0
test_09_deep_seq.csv,0.8,1.0,1.0,100.0,100.0,0.0,0.0,100.0,100.0,100.0,100.0,100.0,100.0,1.0,0.0,0.0,0.0,0.0
test_09_deep_seq.csv,1.0,1.0,1.0,100.0,100.0,0.0,0.0,100.0,100.0,100.0,100.0,100.0,100.0,1.0,0.0,0.0,0.0,0.0
test_10_nested_par.csv,0.0,1.0,0.98125,0.0,100.0,0.0,100.0,100.0,100.0,100.0,40.0,100.0,100.0,0.5,0.0,0.5,0.0,0.0
test_10_nested_par.csv,0.2,1.0,0.98125,0.0,100.0,0.0,100.0,100.0,100.0,100.0,40.0,100.0,100.0,0.5,0.0,0.5,0.0,0.0
test_10_nested_par.csv,0.4,1.0,0.98125,0.0,100.0,0.0,100.0,100.0,100.0,100.0,40.0,100.0,100.0,0.5,0.0,0.5,0.0,0.0
test_10_nested_par.csv,0.6,1.0,0.98125,0.0,100.0,0.0,100.0,100.0,100.0,100.0,40.0,100.0,100.0,0.5,0.0,0.5,0.0,0.0
test_10_nested_par.csv,0.8,1.0,0.98125,0.0,100.0,0.0,100.0,100.0,100.0,100.0,40.0,100.0,100.0,0.5,0.0,0.5,0.0,0.0
test_10_nested_par.csv,1.0,1.0,0.98125,0.0,100.0,0.0,100.0,100.0,100.0,100.0,40.0,100.0,100.0,0.5,0.0,0.5,0.0,0.0
test_10_xor_loop.csv,0.0,1.0,1.0,0.0,0.0,0.0,0.0,100.0,100.0,100.0,18.75,18.75,100.0,0.3333333333333333,0.3333333333333333,0.0,0.3333333333333333,0.0
test_10_xor_loop.csv,0.2,1.0,1.0,0.0,0.0,0.0,0.0,100.0,100.0,100.0,18.75,18.75,100.0,0.3333333333333333,0.3333333333333333,0.0,0.3333333333333333,0.0
test_10_xor_loop.csv,0.4,1.0,1.0,0.0,0.0,0.0,0.0,100.0,100.0,100.0,18.75,18.75,100.0,0.3333333333333333,0.3333333333333333,0.0,0.3333333333333333,0.0
test_10_xor_loop.csv,0.6,1.0,1.0,0.0,0.0,0.0,0.0,100.0,100.0,100.0,18.75,18.75,100.0,0.3333333333333333,0.3333333333333333,0.0,0.3333333333333333,0.0
test_10_xor_loop.csv,0.8,1.0,1.0,0.0,0.0,0.0,0.0,100.0,100.0,100.0,18.75,18.75,100.0,0.3333333333333333,0.3333333333333333,0.0,0.3333333333333333,0.0
test_10_xor_loop.csv,1.0,1.0,1.0,0.0,0.0,0.0,0.0,100.0,100.0,100.0,18.75,18.75,100.0,0.3333333333333333,0.3333333333333333,0.0,0.3333333333333333,0.0
test_11_nesting.csv,0.0,1.0,0.9130434782608696,12.5,62.5,37.5,12.5,100.0,100.0,100.0,10.34,24.14,100.0,0.4166666666666667,0.3333333333333333,0.08333333333333333,0.16666666666666666,12.5
test_11_nesting.csv,0.2,1.0,0.9130434782608696,12.5,62.5,37.5,12.5,100.0,100.0,100.0,10.34,24.14,100.0,0.4166666666666667,0.3333333333333333,0.08333333333333333,0.16666666666666666,12.5
test_11_nesting.csv,0.4,1.0,0.9130434782608696,12.5,62.5,37.5,12.5,100.0,100.0,100.0,10.34,24.14,100.0,0.4166666666666667,0.3333333333333333,0.08333333333333333,0.16666666666666666,12.5
test_11_nesting.csv,0.6,1.0,0.9130434782608696,12.5,62.5,37.5,12.5,100.0,100.0,100.0,10.34,24.14,100.0,0.4166666666666667,0.3333333333333333,0.08333333333333333,0.16666666666666666,12.5
test_11_nesting.csv,0.8,1.0,0.9130434782608696,12.5,62.5,37.5,12.5,100.0,100.0,100.0,10.34,24.14,100.0,0.4166666666666667,0.3333333333333333,0.08333333333333333,0.16666666666666666,12.5
test_11_nesting.csv,1.0,1.0,0.9130434782608696,12.5,62.5,37.5,12.5,100.0,100.0,100.0,10.34,24.14,100.0,0.4166666666666667,0.3333333333333333,0.08333333333333333,0.16666666666666666,12.5
test_12_skiping.csv,0.0,1.0,0.564516129032258,0.0,100.0,0.0,100.0,92.06,100.0,100.0,37.04,100.0,100.0,0.375,0.25,0.25,0.125,0.0
test_12_skiping.csv,0.2,1.0,0.564516129032258,0.0,100.0,0.0,100.0,92.06,100.0,100.0,37.04,100.0,100.0,0.375,0.25,0.25,0.125,0.0
test_12_skiping.csv,0.4,1.0,0.564516129032258,0.0,100.0,0.0,100.0,92.06,100.0,100.0,37.04,100.0,100.0,0.375,0.25,0.25,0.125,0.0
test_12_skiping.csv,0.6,0.8639285714285714,0.5769230769230769,0.0,100.0,0.0,100.0,92.06,100.0,100.0,37.04,100.0,100.0,0.375,0.25,0.25,0.125,0.0
test_12_skiping.csv,0.8,0.8639285714285714,0.5769230769230769,0.0,100.0,0.0,100.0,92.06,100.0,100.0,37.04,100.0,100.0,0.375,0.25,0.25,0.125,0.0
test_12_skiping.csv,1.0,0.8639285714285714,0.5769230769230769,0.0,100.0,0.0,100.0,92.06,100.0,100.0,37.04,100.0,100.0,0.375,0.25,0.25,0.125,0.0
test_13_deepLoop.csv,0.0,1.0,0.736842105263158,0.0,0.0,0.0,0.0,100.0,100.0,100.0,6.25,50.0,100.0,0.375,0.375,0.125,0.125,0.0
test_13_deepLoop.csv,0.2,1.0,0.736842105263158,0.0,0.0,0.0,0.0,100.0,100.0,100.0,6.25,50.0,100.0,0.375,0.375,0.125,0.125,0.0
test_13_deepLoop.csv,0.4,1.0,0.736842105263158,0.0,0.0,0.0,0.0,100.0,100.0,100.0,6.25,50.0,100.0,0.375,0.375,0.125,0.125,0.0
test_13_deepLoop.csv,0.6,0.7267794705294705,0.8461538461538461,0.0,0.0,0.0,0.0,100.0,100.0,100.0,6.25,50.0,100.0,0.375,0.375,0.125,0.125,0.0
test_13_deepLoop.csv,0.8,0.6164327485380117,0.8461538461538461,0.0,0.0,0.0,0.0,100.0,100.0,100.0,6.25,50.0,100.0,0.375,0.375,0.125,0.125,0.0
test_13_deepLoop.csv,1.0,0.6164327485380117,0.8461538461538461,0.0,0.0,0.0,0.0,100.0,100.0,100.0,6.25,50.0,100.0,0.375,0.375,0.125,0.125,0.0
test_14_asymTree.csv,0.0,1.0,0.48453608247422686,0.0,0.0,0.0,0.0,100.0,100.0,100.0,18.18,51.52,100.0,0.3333333333333333,0.3333333333333333,0.16666666666666666,0.16666666666666666,0.0
test_14_asymTree.csv,0.2,1.0,0.48453608247422686,0.0,0.0,0.0,0.0,100.0,100.0,100.0,18.18,51.52,100.0,0.3333333333333333,0.3333333333333333,0.16666666666666666,0.16666666666666666,0.0
test_14_asymTree.csv,0.4,0.956043956043956,0.5185185185185186,0.0,0.0,0.0,0.0,100.0,100.0,100.0,18.18,51.52,100.0,0.36363636363636365,0.2727272727272727,0.18181818181818182,0.18181818181818182,0.0
test_14_asymTree.csv,0.6,0.7106477821695213,0.8,0.0,0.0,0.0,0.0,96.15,100.0,100.0,18.18,84.85,100.0,0.2857142857142857,0.2857142857142857,0.21428571428571427,0.21428571428571427,0.0
test_14_asymTree.csv,0.8,0.7911408199643494,0.8,0.0,0.0,0.0,0.0,98.53,100.0,100.0,42.42,60.61,100.0,0.45454545454545453,0.2727272727272727,0.09090909090909091,0.18181818181818182,0.0
test_14_asymTree.csv,1.0,0.7754689754689755,0.5833333333333333,0.0,0.0,0.0,0.0,100.0,100.0,100.0,45.83,45.83,100.0,0.3333333333333333,0.4444444444444444,0.0,0.2222222222222222,0.0
test_15_loop3.csv,0.0,1.0,0.19718309859154926,0.0,40.0,0.0,40.0,90.51,100.0,100.0,18.18,69.09,100.0,0.2631578947368421,0.42105263157894735,0.10526315789473684,0.21052631578947367,0.0
test_15_loop3.csv,0.2,0.9959183673469388,0.21974522292993626,0.0,20.0,0.0,20.0,94.04,100.0,100.0,18.18,45.45,100.0,0.3157894736842105,0.42105263157894735,0.05263157894736842,0.21052631578947367,0.0
test_15_loop3.csv,0.4,0.9824700493305144,0.24861878453038677,20.0,20.0,0.0,0.0,95.88,100.0,100.0,18.18,27.27,100.0,0.3333333333333333,0.3888888888888889,0.05555555555555555,0.2222222222222222,0.0
test_15_loop3.csv,0.6,0.8299813258636789,0.33999999999999997,0.0,0.0,0.0,0.0,96.08,100.0,100.0,27.27,47.27,100.0,0.3076923076923077,0.07692307692307693,0.23076923076923078,0.38461538461538464,0.0
test_15_loop3.csv,0.8,0.9531002331002331,0.31746031746031744,0.0,0.0,0.0,0.0,100.0,100.0,100.0,32.26,32.26,100.0,0.5,0.16666666666666666,0.0,0.3333333333333333,0.0
test_15_loop3.csv,1.0,0.8456349206349205,0.4285714285714286,0.0,60.0,60.0,0.0,100.0,100.0,100.0,25.0,25.0,100.0,0.3333333333333333,0.3333333333333333,0.0,0.3333333333333333,0.0
test_16_tauabiyss.csv,0.0,1.0,1.0,100.0,100.0,0.0,0.0,100.0,100.0,100.0,100.0,100.0,100.0,0.5555555555555556,0.4444444444444444,0.0,0.0,0.0
test_16_tauabiyss.csv,0.2,1.0,1.0,100.0,100.0,0.0,0.0,100.0,100.0,100.0,100.0,100.0,100.0,0.5555555555555556,0.4444444444444444,0.0,0.0,0.0
test_16_tauabiyss.csv,0.4,0.8083333333333333,1.0,0.0,0.0,0.0,0.0,100.0,100.0,100.0,100.0,100.0,100.0,0.5555555555555556,0.4444444444444444,0.0,0.0,0.0
test_16_tauabiyss.csv,0.6,0.8083333333333333,1.0,0.0,0.0,0.0,0.0,100.0,100.0,100.0,100.0,100.0,100.0,0.5555555555555556,0.4444444444444444,0.0,0.0,0.0
test_16_tauabiyss.csv,0.8,0.8083333333333333,1.0,0.0,0.0,0.0,0.0,100.0,100.0,100.0,100.0,100.0,100.0,0.5555555555555556,0.4444444444444444,0.0,0.0,0.0
test_16_tauabiyss.csv,1.0,0.8083333333333333,1.0,0.0,0.0,0.0,0.0,100.0,100.0,100.0,100.0,100.0,100.0,0.5555555555555556,0.4444444444444444,0.0,0.0,0.0
test_17_spagetti.csv,0.0,1.0,0.6162790697674418,0.0,100.0,0.0,100.0,100.0,100.0,100.0,36.59,100.0,100.0,0.36363636363636365,0.2727272727272727,0.18181818181818182,0.18181818181818182,0.0
test_17_spagetti.csv,0.2,0.9688888888888888,0.631578947368421,0.0,100.0,0.0,100.0,100.0,100.0,100.0,36.59,100.0,100.0,0.4,0.2,0.2,0.2,0.0
test_17_spagetti.csv,0.4,0.9234848484848485,0.6438356164383562,0.0,100.0,0.0,100.0,100.0,100.0,100.0,36.59,100.0,100.0,0.4444444444444444,0.1111111111111111,0.2222222222222222,0.2222222222222222,0.0
test_17_spagetti.csv,0.6,0.9234848484848485,0.6438356164383562,0.0,100.0,0.0,100.0,100.0,100.0,100.0,36.59,100.0,100.0,0.4444444444444444,0.1111111111111111,0.2222222222222222,0.2222222222222222,0.0
test_17_spagetti.csv,0.8,0.9234848484848485,0.6438356164383562,0.0,100.0,0.0,100.0,100.0,100.0,100.0,36.59,100.0,100.0,0.4444444444444444,0.1111111111111111,0.2222222222222222,0.2222222222222222,0.0
test_17_spagetti.csv,1.0,0.9234848484848485,0.6438356164383562,0.0,100.0,0.0,100.0,100.0,100.0,100.0,36.59,100.0,100.0,0.4444444444444444,0.1111111111111111,0.2222222222222222,0.2222222222222222,0.0
test_18_inter_loop.csv,0.0,1.0,0.30188679245283023,0.0,33.33,0.0,33.33,100.0,0.0,100.0,0.0,55.56,100.0,0.18181818181818182,0.5454545454545454,0.09090909090909091,0.18181818181818182,0.0
test_18_inter_loop.csv,0.2,0.9632478632478633,0.3709677419354839,0.0,33.33,0.0,33.33,100.0,0.0,100.0,0.0,55.56,100.0,0.2222222222222222,0.4444444444444444,0.1111111111111111,0.2222222222222222,0.0
test_18_inter_loop.csv,0.4,0.9514066496163682,0.6666666666666667,0.0,33.33,0.0,33.33,98.51,0.0,100.0,0.0,59.26,100.0,0.375,0.25,0.125,0.25,0.0
test_18_inter_loop.csv,0.6,0.7725829725829726,0.8888888888888888,33.33,66.67,33.33,0.0,40.0,28.57,28.57,11.11,11.11,25.93,0.8,0.0,0.0,0.2,0.0
test_18_inter_loop.csv,0.8,0.8604892699319944,0.6666666666666667,0.0,100.0,0.0,100.0,77.27,33.33,33.33,0.0,0.0,59.26,0.42857142857142855,0.14285714285714285,0.14285714285714285,0.2857142857142857,0.0
test_18_inter_loop.csv,1.0,0.8964368964368964,0.21052631578947367,0.0,66.67,66.67,0.0,100.0,0.0,0.0,0.0,0.0,100.0,0.0,0.5,0.0,0.5,0.0
test_19_phantomBranch.csv,0.0,1.0,0.8076923076923077,0.0,0.0,0.0,0.0,100.0,100.0,100.0,52.94,76.47,100.0,0.7272727272727273,0.09090909090909091,0.09090909090909091,0.09090909090909091,0.0
test_19_phantomBranch.csv,0.2,1.0,0.8076923076923077,0.0,0.0,0.0,0.0,100.0,100.0,100.0,52.94,76.47,100.0,0.7272727272727273,0.09090909090909091,0.09090909090909091,0.09090909090909091,0.0
test_19_phantomBranch.csv,0.4,1.0,0.8076923076923077,0.0,0.0,0.0,0.0,100.0,100.0,100.0,52.94,76.47,100.0,0.7272727272727273,0.09090909090909091,0.09090909090909091,0.09090909090909091,0.0
test_19_phantomBranch.csv,0.6,0.94375,0.8235294117647058,0.0,0.0,0.0,0.0,100.0,100.0,100.0,52.94,76.47,100.0,0.5,0.375,0.0625,0.0625,0.0
test_19_phantomBranch.csv,0.8,0.94375,0.8235294117647058,0.0,0.0,0.0,0.0,100.0,100.0,100.0,52.94,76.47,100.0,0.5,0.375,0.0625,0.0625,0.0
test_19_phantomBranch.csv,1.0,0.94375,0.8235294117647058,0.0,0.0,0.0,0.0,100.0,100.0,100.0,52.94,76.47,100.0,0.5,0.375,0.0625,0.0625,0.0
test_20_loopDouble.csv,0.0,1.0,0.33793103448275863,0.0,100.0,0.0,100.0,94.51,100.0,100.0,26.32,73.68,100.0,0.2,0.3333333333333333,0.2,0.26666666666666666,0.0
test_20_loopDouble.csv,0.2,1.0,0.33333333333333337,0.0,100.0,0.0,100.0,94.51,100.0,100.0,26.32,73.68,100.0,0.21428571428571427,0.2857142857142857,0.21428571428571427,0.2857142857142857,0.0
test_20_loopDouble.csv,0.4,0.9054487179487178,0.3311688311688312,0.0,100.0,0.0,100.0,94.51,100.0,100.0,26.32,73.68,100.0,0.25,0.16666666666666666,0.25,0.3333333333333333,0.0
test_20_loopDouble.csv,0.6,0.8115512265512266,0.4693877551020408,0.0,100.0,0.0,100.0,94.51,100.0,100.0,26.32,73.68,100.0,0.25,0.16666666666666666,0.25,0.3333333333333333,0.0
test_20_loopDouble.csv,0.8,0.8115512265512266,0.4693877551020408,0.0,100.0,0.0,100.0,94.51,100.0,100.0,26.32,73.68,100.0,0.25,0.16666666666666666,0.25,0.3333333333333333,0.0
test_20_loopDouble.csv,1.0,0.8115512265512266,0.4693877551020408,0.0,100.0,0.0,100.0,94.51,100.0,100.0,26.32,73.68,100.0,0.25,0.16666666666666666,0.25,0.3333333333333333,0.0
test_21_wildCards.csv,0.0,1.0,0.7556818181818181,15.0,70.0,55.0,0.0,100.0,100.0,100.0,61.04,100.0,100.0,0.3,0.6,0.1,0.0,55.0
test_21_wildCards.csv,0.2,0.9165476190476192,1.0,15.0,70.0,55.0,0.0,100.0,100.0,100.0,61.04,100.0,100.0,0.3333333333333333,0.5555555555555556,0.1111111111111111,0.0,55.0
test_21_wildCards.csv,0.4,0.7829166666666667,1.0,15.0,70.0,55.0,0.0,100.0,100.0,100.0,61.04,100.0,100.0,0.3333333333333333,0.5555555555555556,0.1111111111111111,0.0,55.0
test_21_wildCards.csv,0.6,0.7829166666666667,1.0,15.0,70.0,55.0,0.0,100.0,100.0,100.0,61.04,100.0,100.0,0.3333333333333333,0.5555555555555556,0.1111111111111111,0.0,55.0
test_21_wildCards.csv,0.8,0.7829166666666667,1.0,15.0,70.0,55.0,0.0,100.0,100.0,100.0,61.04,100.0,100.0,0.3333333333333333,0.5555555555555556,0.1111111111111111,0.0,55.0
test_21_wildCards.csv,1.0,0.7829166666666667,1.0,15.0,70.0,55.0,0.0,100.0,100.0,100.0,61.04,100.0,100.0,0.3333333333333333,0.5555555555555556,0.1111111111111111,0.0,55.0
test_22_precTest.csv,0.0,1.0,0.7058823529411764,0.0,100.0,0.0,100.0,100.0,100.0,100.0,28.57,100.0,100.0,0.3333333333333333,0.0,0.6666666666666666,0.0,0.0
test_22_precTest.csv,0.2,1.0,0.7058823529411764,0.0,100.0,0.0,100.0,100.0,100.0,100.0,28.57,100.0,100.0,0.3333333333333333,0.0,0.6666666666666666,0.0,0.0
test_22_precTest.csv,0.4,1.0,0.7058823529411764,0.0,100.0,0.0,100.0,100.0,100.0,100.0,28.57,100.0,100.0,0.3333333333333333,0.0,0.6666666666666666,0.0,0.0
test_22_precTest.csv,0.6,1.0,0.7058823529411764,0.0,100.0,0.0,100.0,100.0,100.0,100.0,28.57,100.0,100.0,0.3333333333333333,0.0,0.6666666666666666,0.0,0.0
test_22_precTest.csv,0.8,1.0,0.7058823529411764,0.0,100.0,0.0,100.0,100.0,100.0,100.0,28.57,100.0,100.0,0.3333333333333333,0.0,0.6666666666666666,0.0,0.0
test_22_precTest.csv,1.0,1.0,0.7058823529411764,0.0,100.0,0.0,100.0,100.0,100.0,100.0,28.57,100.0,100.0,0.3333333333333333,0.0,0.6666666666666666,0.0,0.0
test_23_precTest2.csv,0.0,1.0,1.0,0.0,100.0,100.0,0.0,100.0,100.0,100.0,60.0,100.0,100.0,0.6,0.2,0.2,0.0,100.0
test_23_precTest2.csv,0.2,1.0,1.0,0.0,100.0,100.0,0.0,100.0,100.0,100.0,60.0,100.0,100.0,0.6,0.2,0.2,0.0,100.0
test_23_precTest2.csv,0.4,1.0,1.0,0.0,100.0,100.0,0.0,100.0,100.0,100.0,60.0,100.0,100.0,0.6,0.2,0.2,0.0,100.0
test_23_precTest2.csv,0.6,1.0,1.0,0.0,100.0,100.0,0.0,100.0,100.0,100.0,60.0,100.0,100.0,0.6,0.2,0.2,0.0,100.0
test_23_precTest2.csv,0.8,1.0,1.0,0.0,100.0,100.0,0.0,100.0,100.0,100.0,60.0,100.0,100.0,0.6,0.2,0.2,0.0,100.0
test_23_precTest2.csv,1.0,1.0,1.0,0.0,100.0,100.0,0.0,100.0,100.0,100.0,60.0,100.0,100.0,0.6,0.2,0.2,0.0,100.0
test_24_zero_redo.csv,0.0,1.0,1.0,60.0,60.0,0.0,0.0,100.0,100.0,100.0,65.38,65.38,100.0,0.3333333333333333,0.3333333333333333,0.0,0.3333333333333333,0.0
test_24_zero_redo.csv,0.2,1.0,1.0,60.0,60.0,0.0,0.0,100.0,100.0,100.0,65.38,65.38,100.0,0.3333333333333333,0.3333333333333333,0.0,0.3333333333333333,0.0
test_24_zero_redo.csv,0.4,1.0,1.0,60.0,60.0,0.0,0.0,100.0,100.0,100.0,65.38,65.38,100.0,0.3333333333333333,0.3333333333333333,0.0,0.3333333333333333,0.0
test_24_zero_redo.csv,0.6,1.0,1.0,60.0,60.0,0.0,0.0,100.0,100.0,100.0,65.38,65.38,100.0,0.3333333333333333,0.3333333333333333,0.0,0.3333333333333333,0.0
test_24_zero_redo.csv,0.8,1.0,1.0,60.0,60.0,0.0,0.0,100.0,100.0,100.0,65.38,65.38,100.0,0.3333333333333333,0.3333333333333333,0.0,0.3333333333333333,0.0
test_24_zero_redo.csv,1.0,1.0,1.0,60.0,60.0,0.0,0.0,100.0,100.0,100.0,65.38,65.38,100.0,0.3333333333333333,0.3333333333333333,0.0,0.3333333333333333,0.0
test_25_massive.csv,0.0,1.0,1.0,0.0,75.0,75.0,0.0,100.0,100.0,100.0,30.95,78.57,100.0,0.4,0.2,0.2,0.2,70.0
test_25_massive.csv,0.2,1.0,1.0,0.0,75.0,75.0,0.0,100.0,100.0,100.0,30.95,78.57,100.0,0.4,0.2,0.2,0.2,70.0
test_25_massive.csv,0.4,1.0,1.0,0.0,75.0,75.0,0.0,100.0,100.0,100.0,30.95,78.57,100.0,0.4,0.2,0.2,0.2,70.0
test_25_massive.csv,0.6,1.0,1.0,0.0,75.0,75.0,0.0,100.0,100.0,100.0,30.95,78.57,100.0,0.4,0.2,0.2,0.2,70.0
test_25_massive.csv,0.8,1.0,1.0,0.0,75.0,75.0,0.0,100.0,100.0,100.0,30.95,78.57,100.0,0.4,0.2,0.2,0.2,70.0
test_25_massive.csv,1.0,1.0,1.0,0.0,75.0,75.0,0.0,100.0,100.0,100.0,30.95,78.57,100.0,0.4,0.2,0.2,0.2,70.0
test_26_loop_par_noxor.csv,0.0,1.0,0.664576802507837,0.0,100.0,0.0,100.0,100.0,100.0,100.0,27.97,27.97,100.0,0.4,0.0,0.2,0.4,0.0
test_26_loop_par_noxor.csv,0.2,1.0,0.664576802507837,0.0,100.0,0.0,100.0,100.0,100.0,100.0,27.97,27.97,100.0,0.4,0.0,0.2,0.4,0.0
test_26_loop_par_noxor.csv,0.4,1.0,0.664576802507837,0.0,100.0,0.0,100.0,100.0,100.0,100.0,27.97,27.97,100.0,0.4,0.0,0.2,0.4,0.0
test_26_loop_par_noxor.csv,0.6,1.0,0.664576802507837,0.0,100.0,0.0,100.0,100.0,100.0,100.0,27.97,27.97,100.0,0.4,0.0,0.2,0.4,0.0
test_26_loop_par_noxor.csv,0.8,1.0,0.664576802507837,0.0,100.0,0.0,100.0,100.0,100.0,100.0,27.97,27.97,100.0,0.4,0.0,0.2,0.4,0.0
test_26_loop_par_noxor.csv,1.0,1.0,0.664576802507837,0.0,100.0,0.0,100.0,100.0,100.0,100.0,27.97,27.97,100.0,0.4,0.0,0.2,0.4,0.0
test_27_par_loop_noxor.csv,0.0,1.0,0.9260869565217391,0.0,100.0,0.0,100.0,100.0,100.0,100.0,29.85,44.78,100.0,0.5,0.0,0.25,0.25,0.0
test_27_par_loop_noxor.csv,0.2,1.0,0.9260869565217391,0.0,100.0,0.0,100.0,100.0,100.0,100.0,29.85,44.78,100.0,0.5,0.0,0.25,0.25,0.0
test_27_par_loop_noxor.csv,0.4,1.0,0.9260869565217391,0.0,100.0,0.0,100.0,100.0,100.0,100.0,29.85,44.78,100.0,0.5,0.0,0.25,0.25,0.0
test_27_par_loop_noxor.csv,0.6,1.0,0.9260869565217391,0.0,100.0,0.0,100.0,100.0,100.0,100.0,29.85,44.78,100.0,0.5,0.0,0.25,0.25,0.0
test_27_par_loop_noxor.csv,0.8,1.0,0.9260869565217391,0.0,100.0,0.0,100.0,100.0,100.0,100.0,29.85,44.78,100.0,0.5,0.0,0.25,0.25,0.0
test_27_par_loop_noxor.csv,1.0,1.0,0.9260869565217391,0.0,100.0,0.0,100.0,100.0,100.0,100.0,29.85,44.78,100.0,0.5,0.0,0.25,0.25,0.0
